Workbook

Sheet Sheet1
A1: SKU | B1: Product | C1: Delivered | D1: Price | E1: Markdown_Price | F1: Shelf_Life | G1: Promo | H1: Weather
A2: B001 | B2: croissant | C2: 10 | D2: 5.5 | E2: 4.5 | F2: 7 | G2: No
A3: B002 | B3: mini croissant | C3: 10 | D3: 5.5 | E3: 4.5 | F3: 7
A4: B003 | B4: blueberry muffins | C4: 10 | D4: 4.5 | E4: 4 | F4: 10
A5: B004 | B5: banana nut muffins | C5: 10 | D5: 4.5 | E5: 4 | F5: 10
A6: B005 | B6: butter cake | C6: 8 | D6: 4 | E6: 3 | F6: 14
A7: B006 | B7: chocolate chip cookies | C7: 12 | D7: 3.5 | E7: 3 | F7: 14
A8: B007 | B8: cheese cake | C8: 9 | D8: 6.5 | E8: 5.5 | F8: 9
A9: B008 | B9: tiramisu | C9: 8 | D9: 7.5 | E9: 5.5 | F9: 7
A10: B009 | B10: almond croissant | C10: 6 | D10: 3.5 | E10: 3 | F10: 10
A11: B010 | B11: orange pound | C11: 8 | D11: 3.5 | E11: 3 | F11: 14
A12: B011 | B12: oatmeal raisin cookies | C12: 12 | D12: 3.5 | E12: 3 | F12: 14
A13: B012 | B13: sugar cookies | C13: 12 | D13: 3.5 | E13: 3 | F13: 14
A14: B013 | B14: snickerdoodle cookies | C14: 12 | D14: 3.5 | E14: 3 | F14: 14
... A46: B045 | B46: square brownies | C46: 6 | D46: 4.5 | E46: 4 | F46: 14

Sheet Sheet2
A1: Date | B1: SKU | C1: Product | D1: Starting_Inventory | E1: Delivered | F1: Sold | G1: Markdown_Sold | H1: Waste | I1: Ending_Inventory | J1: Price | K1: Markdown_Price | L1: Shelf_Life | M1: Promo | N1: Weather

Sheet Sheet3
A1: SKU | B1: SKU | C1: Product | D1: Delivered | E1: Price | F1: Markdown_Price | G1: Shelf_Life | H1: Promo | I1: Weather
A2: {=INDEX(Sheet1!$A$2:$A$46, RANDBETWEEN(1,ROWS(Sheet1!$A$2:$A$46)))} -> B036 | B2: B030 | C2: =_xlfn.XLOOKUP(B2, Sheet1!A:A, Sheet1!B:B) -> oreja cookies | D2: =_xlfn.XLOOKUP(B2,Sheet1!A:A,Sheet1!C:C) -> 15 | E2: =_xlfn.XLOOKUP(B2,Sheet1!A:A,Sheet1!D:D) -> 4 | F2: =_xlfn.XLOOKUP(Sheet3!B2,Sheet1!A:A,Sheet1!E:E) -> 3 | G2: =_xlfn.XLOOKUP(B2,Sheet1!A:A,Sheet1!F:F) -> 14 | H2: {=INDEX(Sheet1!$G$2:$G$3, RANDBETWEEN(1, ROWS(Sheet1!$G$2:$G$3)))} -> 0
A3: {=INDEX(Sheet1!$A$2:$A$46, RANDBETWEEN(1,ROWS(Sheet1!$A$2:$A$46)))} -> B023 | B3: B016 | C3: =_xlfn.XLOOKUP(B3, Sheet1!A:A, Sheet1!B:B) -> frosted blue cookies | D3: =_xlfn.XLOOKUP(B3,Sheet1!A:A,Sheet1!C:C) -> 15 | E3: =_xlfn.XLOOKUP(B3,Sheet1!A:A,Sheet1!D:D) -> 3 | F3: =_xlfn.XLOOKUP(Sheet3!B3,Sheet1!A:A,Sheet1!E:E) -> 2.5 | G3: =_xlfn.XLOOKUP(B3,Sheet1!A:A,Sheet1!F:F) -> 14 | H3: {=INDEX(Sheet1!$G$2:$G$3, RANDBETWEEN(1, ROWS(Sheet1!$G$2:$G$3)))} -> 0
A4: {=INDEX(Sheet1!$A$2:$A$46, RANDBETWEEN(1,ROWS(Sheet1!$A$2:$A$46)))} -> B013 | B4: B005 | C4: =_xlfn.XLOOKUP(B4, Sheet1!A:A, Sheet1!B:B) -> butter cake | D4: =_xlfn.XLOOKUP(B4,Sheet1!A:A,Sheet1!C:C) -> 8 | E4: =_xlfn.XLOOKUP(B4,Sheet1!A:A,Sheet1!D:D) -> 4 | F4: =_xlfn.XLOOKUP(Sheet3!B4,Sheet1!A:A,Sheet1!E:E) -> 3 | G4: =_xlfn.XLOOKUP(B4,Sheet1!A:A,Sheet1!F:F) -> 14 | H4: {=INDEX(Sheet1!$G$2:$G$3, RANDBETWEEN(1, ROWS(Sheet1!$G$2:$G$3)))} -> 0
A5: {=INDEX(Sheet1!$A$2:$A$46, RANDBETWEEN(1,ROWS(Sheet1!$A$2:$A$46)))} -> B025 | B5: B010 | C5: =_xlfn.XLOOKUP(B5, Sheet1!A:A, Sheet1!B:B) -> orange pound | D5: =_xlfn.XLOOKUP(B5,Sheet1!A:A,Sheet1!C:C) -> 8 | E5: =_xlfn.XLOOKUP(B5,Sheet1!A:A,Sheet1!D:D) -> 3.5 | F5: =_xlfn.XLOOKUP(Sheet3!B5,Sheet1!A:A,Sheet1!E:E) -> 3 | G5: =_xlfn.XLOOKUP(B5,Sheet1!A:A,Sheet1!F:F) -> 14 | H5: {=INDEX(Sheet1!$G$2:$G$3, RANDBETWEEN(1, ROWS(Sheet1!$G$2:$G$3)))} -> 0
A6: {=INDEX(Sheet1!$A$2:$A$46, RANDBETWEEN(1,ROWS(Sheet1!$A$2:$A$46)))} -> B001 | B6: B007 | C6: =_xlfn.XLOOKUP(B6, Sheet1!A:A, Sheet1!B:B) -> cheese cake | D6: =_xlfn.XLOOKUP(B6,Sheet1!A:A,Sheet1!C:C) -> 9 | E6: =_xlfn.XLOOKUP(B6,Sheet1!A:A,Sheet1!D:D) -> 6.5 | F6: =_xlfn.XLOOKUP(Sheet3!B6,Sheet1!A:A,Sheet1!E:E) -> 5.5 | G6: =_xlfn.XLOOKUP(B6,Sheet1!A:A,Sheet1!F:F) -> 9 | H6: {=INDEX(Sheet1!$G$2:$G$3, RANDBETWEEN(1, ROWS(Sheet1!$G$2:$G$3)))} -> 0
A7: {=INDEX(Sheet1!$A$2:$A$46, RANDBETWEEN(1,ROWS(Sheet1!$A$2:$A$46)))} -> B025 | B7: B010 | C7: =_xlfn.XLOOKUP(B7, Sheet1!A:A, Sheet1!B:B) -> orange pound | D7: =_xlfn.XLOOKUP(B7,Sheet1!A:A,Sheet1!C:C) -> 8 | E7: =_xlfn.XLOOKUP(B7,Sheet1!A:A,Sheet1!D:D) -> 3.5 | F7: =_xlfn.XLOOKUP(Sheet3!B7,Sheet1!A:A,Sheet1!E:E) -> 3 | G7: =_xlfn.XLOOKUP(B7,Sheet1!A:A,Sheet1!F:F) -> 14 | H7: {=INDEX(Sheet1!$G$2:$G$3, RANDBETWEEN(1, ROWS(Sheet1!$G$2:$G$3)))} -> 0
A8: {=INDEX(Sheet1!$A$2:$A$46, RANDBETWEEN(1,ROWS(Sheet1!$A$2:$A$46)))} -> B007 | B8: B032 | C8: =_xlfn.XLOOKUP(B8, Sheet1!A:A, Sheet1!B:B) -> pumpkin pie | D8: =_xlfn.XLOOKUP(B8,Sheet1!A:A,Sheet1!C:C) -> 6 | E8: =_xlfn.XLOOKUP(B8,Sheet1!A:A,Sheet1!D:D) -> 4 | F8: =_xlfn.XLOOKUP(Sheet3!B8,Sheet1!A:A,Sheet1!E:E) -> 3 | G8: =_xlfn.XLOOKUP(B8,Sheet1!A:A,Sheet1!F:F) -> 7 | H8: {=INDEX(Sheet1!$G$2:$G$3, RANDBETWEEN(1, ROWS(Sheet1!$G$2:$G$3)))} -> 0
A9: {=INDEX(Sheet1!$A$2:$A$46, RANDBETWEEN(1,ROWS(Sheet1!$A$2:$A$46)))} -> B003 | B9: B020 | C9: =_xlfn.XLOOKUP(B9, Sheet1!A:A, Sheet1!B:B) -> cookies & creme cupcakes | D9: =_xlfn.XLOOKUP(B9,Sheet1!A:A,Sheet1!C:C) -> 15 | E9: =_xlfn.XLOOKUP(B9,Sheet1!A:A,Sheet1!D:D) -> 6 | F9: =_xlfn.XLOOKUP(Sheet3!B9,Sheet1!A:A,Sheet1!E:E) -> 5.5 | G9: =_xlfn.XLOOKUP(B9,Sheet1!A:A,Sheet1!F:F) -> 20 | H9: {=INDEX(Sheet1!$G$2:$G$3, RANDBETWEEN(1, ROWS(Sheet1!$G$2:$G$3)))} -> 0
A10: {=INDEX(Sheet1!$A$2:$A$46, RANDBETWEEN(1,ROWS(Sheet1!$A$2:$A$46)))} -> B020 | B10: B044 | C10: =_xlfn.XLOOKUP(B10, Sheet1!A:A, Sheet1!B:B) -> mini brownies | D10: =_xlfn.XLOOKUP(B10,Sheet1!A:A,Sheet1!C:C) -> 12 | E10: =_xlfn.XLOOKUP(B10,Sheet1!A:A,Sheet1!D:D) -> 4.5 | F10: =_xlfn.XLOOKUP(Sheet3!B10,Sheet1!A:A,Sheet1!E:E) -> 4 | G10: =_xlfn.XLOOKUP(B10,Sheet1!A:A,Sheet1!F:F) -> 14 | H10: {=INDEX(Sheet1!$G$2:$G$3, RANDBETWEEN(1, ROWS(Sheet1!$G$2:$G$3)))} -> No
A11: {=INDEX(Sheet1!$A$2:$A$46, RANDBETWEEN(1,ROWS(Sheet1!$A$2:$A$46)))} -> B032 | B11: B027 | C11: =_xlfn.XLOOKUP(B11, Sheet1!A:A, Sheet1!B:B) -> sourdough bread | D11: =_xlfn.XLOOKUP(B11,Sheet1!A:A,Sheet1!C:C) -> 10 | E11: =_xlfn.XLOOKUP(B11,Sheet1!A:A,Sheet1!D:D) -> 3.5 | F11: =_xlfn.XLOOKUP(Sheet3!B11,Sheet1!A:A,Sheet1!E:E) -> 3 | G11: =_xlfn.XLOOKUP(B11,Sheet1!A:A,Sheet1!F:F) -> 8 | H11: {=INDEX(Sheet1!$G$2:$G$3, RANDBETWEEN(1, ROWS(Sheet1!$G$2:$G$3)))} -> 0
A12: {=INDEX(Sheet1!$A$2:$A$46, RANDBETWEEN(1,ROWS(Sheet1!$A$2:$A$46)))} -> B010 | B12: B035 | C12: =_xlfn.XLOOKUP(B12, Sheet1!A:A, Sheet1!B:B) -> caramel pie | D12: =_xlfn.XLOOKUP(B12,Sheet1!A:A,Sheet1!C:C) -> 6 | E12: =_xlfn.XLOOKUP(B12,Sheet1!A:A,Sheet1!D:D) -> 4 | F12: =_xlfn.XLOOKUP(Sheet3!B12,Sheet1!A:A,Sheet1!E:E) -> 3 | G12: =_xlfn.XLOOKUP(B12,Sheet1!A:A,Sheet1!F:F) -> 7 | H12: {=INDEX(Sheet1!$G$2:$G$3, RANDBETWEEN(1, ROWS(Sheet1!$G$2:$G$3)))} -> 0
A13: {=INDEX(Sheet1!$A$2:$A$46, RANDBETWEEN(1,ROWS(Sheet1!$A$2:$A$46)))} -> B007 | B13: B027 | C13: =_xlfn.XLOOKUP(B13, Sheet1!A:A, Sheet1!B:B) -> sourdough bread | D13: =_xlfn.XLOOKUP(B13,Sheet1!A:A,Sheet1!C:C) -> 10 | E13: =_xlfn.XLOOKUP(B13,Sheet1!A:A,Sheet1!D:D) -> 3.5 | F13: =_xlfn.XLOOKUP(Sheet3!B13,Sheet1!A:A,Sheet1!E:E) -> 3 | G13: =_xlfn.XLOOKUP(B13,Sheet1!A:A,Sheet1!F:F) -> 8 | H13: {=INDEX(Sheet1!$G$2:$G$3, RANDBETWEEN(1, ROWS(Sheet1!$G$2:$G$3)))} -> No
... A1001: {=INDEX(Sheet1!$A$2:$A$46, RANDBETWEEN(1,ROWS(Sheet1!$A$2:$A$46)))} -> B001 | B1001: B016 | C1001: =_xlfn.XLOOKUP(B1001, Sheet1!A:A, Sheet1!B:B) -> frosted blue cookies | D1001: =_xlfn.XLOOKUP(B1001,Sheet1!A:A,Sheet1!C:C) -> 15 | E1001: =_xlfn.XLOOKUP(B1001,Sheet1!A:A,Sheet1!D:D) -> 3 | F1001: =_xlfn.XLOOKUP(Sheet3!B1001,Sheet1!A:A,Sheet1!E:E) -> 2.5 | G1001: =_xlfn.XLOOKUP(B1001,Sheet1!A:A,Sheet1!F:F) -> 14 | H1001: {=INDEX(Sheet1!$G$2:$G$3, RANDBETWEEN(1, ROWS(Sheet1!$G$2:$G$3)))} -> 0

Sheet Sheet4
A1: Date | B1: SKU | C1: Product | D1: Starting_Inventory | E1: Delivered | F1: Sold | G1: Markdown_Sold | H1: Waste | I1: Ending_Inventory | J1: Price | K1: Markdown_Price | L1: Shelf_Life | O1: Date
A2: 45292 | B2: B030 | C2: oreja cookies | D2: {=IFERROR( _xlfn.XLOOKUP(B2, B$2:INDEX(B:B,ROW()-1), I$2:INDEX(I:I,ROW()-1), 0, 0, -1),0)} -> 6 | E2: 15 | F2: =RANDBETWEEN(0, ROUND((D2+E2)*0.6,0)) -> 8 | G2: =RANDBETWEEN(0,ROUND((D2+E2-F2)*0.6,0)) -> 3 | H2: =RANDBETWEEN(0,ROUND((D2+E2-F2-G2)*0.6,0)) -> 5 | I2: =D2+E2-F2-G2-H2 -> 5 | J2: 4 | K2: 3 | L2: 14 | M2: =DATE(2024,1,1) + RANDBETWEEN(0, DATE(2024,5,25) - DATE(2024,1,1)) -> 45343 | N2: =DATE(2024,1,1) + RANDBETWEEN(0, DATE(2024,5,25) - DATE(2024,1,1)) -> 45336 | O2: 45331
A3: 45292 | B3: B016 | C3: frosted blue cookies | D3: {=IFERROR( _xlfn.XLOOKUP(B3, B$2:INDEX(B:B,ROW()-1), I$2:INDEX(I:I,ROW()-1), 0, 0, -1),0)} -> 0 | E3: 15 | F3: =RANDBETWEEN(0, ROUND((D3+E3)*0.6,0)) -> 8 | G3: =RANDBETWEEN(0,ROUND((D3+E3-F3)*0.6,0)) -> 2 | H3: =RANDBETWEEN(0,ROUND((D3+E3-F3-G3)*0.6,0)) -> 1 | I3: =D3+E3-F3-G3-H3 -> 4 | J3: 3 | K3: 2.5 | L3: 14 | M3: =DATE(2024,1,1) + RANDBETWEEN(0, DATE(2024,5,25) - DATE(2024,1,1)) -> 45337 | N3: =DATE(2024,1,1) + RANDBETWEEN(0, DATE(2024,5,25) - DATE(2024,1,1)) -> 45405 | O3: 45355
A4: 45292 | B4: B005 | C4: butter cake | D4: {=IFERROR( _xlfn.XLOOKUP(B4, B$2:INDEX(B:B,ROW()-1), I$2:INDEX(I:I,ROW()-1), 0, 0, -1),0)} -> 0 | E4: 8 | F4: =RANDBETWEEN(0, ROUND((D4+E4)*0.6,0)) -> 3 | G4: =RANDBETWEEN(0,ROUND((D4+E4-F4)*0.6,0)) -> 0 | H4: =RANDBETWEEN(0,ROUND((D4+E4-F4-G4)*0.6,0)) -> 3 | I4: =D4+E4-F4-G4-H4 -> 2 | J4: 4 | K4: 3 | L4: 14 | M4: =DATE(2024,1,1) + RANDBETWEEN(0, DATE(2024,5,25) - DATE(2024,1,1)) -> 45396 | N4: =DATE(2024,1,1) + RANDBETWEEN(0, DATE(2024,5,25) - DATE(2024,1,1)) -> 45345 | O4: 45401
A5: 45292 | B5: B010 | C5: orange pound | D5: {=IFERROR( _xlfn.XLOOKUP(B5, B$2:INDEX(B:B,ROW()-1), I$2:INDEX(I:I,ROW()-1), 0, 0, -1),0)} -> 0 | E5: 8 | F5: =RANDBETWEEN(0, ROUND((D5+E5)*0.6,0)) -> 3 | G5: =RANDBETWEEN(0,ROUND((D5+E5-F5)*0.6,0)) -> 3 | H5: =RANDBETWEEN(0,ROUND((D5+E5-F5-G5)*0.6,0)) -> 1 | I5: =D5+E5-F5-G5-H5 -> 1 | J5: 3.5 | K5: 3 | L5: 14 | M5: =DATE(2024,1,1) + RANDBETWEEN(0, DATE(2024,5,25) - DATE(2024,1,1)) -> 45428 | N5: =DATE(2024,1,1) + RANDBETWEEN(0, DATE(2024,5,25) - DATE(2024,1,1)) -> 45429 | O5: 45302
A6: 45292 | B6: B007 | C6: cheese cake | D6: {=IFERROR( _xlfn.XLOOKUP(B6, B$2:INDEX(B:B,ROW()-1), I$2:INDEX(I:I,ROW()-1), 0, 0, -1),0)} -> 0 | E6: 9 | F6: =RANDBETWEEN(0, ROUND((D6+E6)*0.6,0)) -> 0 | G6: =RANDBETWEEN(0,ROUND((D6+E6-F6)*0.6,0)) -> 1 | H6: =RANDBETWEEN(0,ROUND((D6+E6-F6-G6)*0.6,0)) -> 0 | I6: =D6+E6-F6-G6-H6 -> 8 | J6: 6.5 | K6: 5.5 | L6: 9 | M6: =DATE(2024,1,1) + RANDBETWEEN(0, DATE(2024,5,25) - DATE(2024,1,1)) -> 45338 | N6: =DATE(2024,1,1) + RANDBETWEEN(0, DATE(2024,5,25) - DATE(2024,1,1)) -> 45404 | O6: 45341
A7: 45292 | B7: B010 | C7: orange pound | D7: {=IFERROR( _xlfn.XLOOKUP(B7, B$2:INDEX(B:B,ROW()-1), I$2:INDEX(I:I,ROW()-1), 0, 0, -1),0)} -> 1 | E7: 8 | F7: =RANDBETWEEN(0, ROUND((D7+E7)*0.6,0)) -> 0 | G7: =RANDBETWEEN(0,ROUND((D7+E7-F7)*0.6,0)) -> 5 | H7: =RANDBETWEEN(0,ROUND((D7+E7-F7-G7)*0.6,0)) -> 2 | I7: =D7+E7-F7-G7-H7 -> 2 | J7: 3.5 | K7: 3 | L7: 14 | M7: =DATE(2024,1,1) + RANDBETWEEN(0, DATE(2024,5,25) - DATE(2024,1,1)) -> 45366 | N7: =DATE(2024,1,1) + RANDBETWEEN(0, DATE(2024,5,25) - DATE(2024,1,1)) -> 45342 | O7: 45382
A8: 45292 | B8: B032 | C8: pumpkin pie | D8: {=IFERROR( _xlfn.XLOOKUP(B8, B$2:INDEX(B:B,ROW()-1), I$2:INDEX(I:I,ROW()-1), 0, 0, -1),0)} -> 0 | E8: 6 | F8: =RANDBETWEEN(0, ROUND((D8+E8)*0.6,0)) -> 3 | G8: =RANDBETWEEN(0,ROUND((D8+E8-F8)*0.6,0)) -> 0 | H8: =RANDBETWEEN(0,ROUND((D8+E8-F8-G8)*0.6,0)) -> 0 | I8: =D8+E8-F8-G8-H8 -> 3 | J8: 4 | K8: 3 | L8: 7 | M8: =DATE(2024,1,1) + RANDBETWEEN(0, DATE(2024,5,25) - DATE(2024,1,1)) -> 45387 | N8: =DATE(2024,1,1) + RANDBETWEEN(0, DATE(2024,5,25) - DATE(2024,1,1)) -> 45356 | O8: 45427
A9: 45292 | B9: B020 | C9: cookies & creme cupcakes | D9: {=IFERROR( _xlfn.XLOOKUP(B9, B$2:INDEX(B:B,ROW()-1), I$2:INDEX(I:I,ROW()-1), 0, 0, -1),0)} -> 0 | E9: 15 | F9: =RANDBETWEEN(0, ROUND((D9+E9)*0.6,0)) -> 7 | G9: =RANDBETWEEN(0,ROUND((D9+E9-F9)*0.6,0)) -> 3 | H9: =RANDBETWEEN(0,ROUND((D9+E9-F9-G9)*0.6,0)) -> 3 | I9: =D9+E9-F9-G9-H9 -> 2 | J9: 6 | K9: 5.5 | L9: 20 | M9: =DATE(2024,1,1) + RANDBETWEEN(0, DATE(2024,5,25) - DATE(2024,1,1)) -> 45369 | N9: =DATE(2024,1,1) + RANDBETWEEN(0, DATE(2024,5,25) - DATE(2024,1,1)) -> 45305 | O9: 45362
A10: 45293 | B10: B044 | C10: mini brownies | D10: {=IFERROR( _xlfn.XLOOKUP(B10, B$2:INDEX(B:B,ROW()-1), I$2:INDEX(I:I,ROW()-1), 0, 0, -1),0)} -> 0 | E10: 12 | F10: =RANDBETWEEN(0, ROUND((D10+E10)*0.6,0)) -> 3 | G10: =RANDBETWEEN(0,ROUND((D10+E10-F10)*0.6,0)) -> 0 | H10: =RANDBETWEEN(0,ROUND((D10+E10-F10-G10)*0.6,0)) -> 0 | I10: =D10+E10-F10-G10-H10 -> 9 | J10: 4.5 | K10: 4 | L10: 14 | M10: =DATE(2024,1,1) + RANDBETWEEN(0, DATE(2024,5,25) - DATE(2024,1,1)) -> 45353 | N10: =DATE(2024,1,1) + RANDBETWEEN(0, DATE(2024,5,25) - DATE(2024,1,1)) -> 45381 | O10: 45297
A11: 45293 | B11: B027 | C11: sourdough bread | D11: {=IFERROR( _xlfn.XLOOKUP(B11, B$2:INDEX(B:B,ROW()-1), I$2:INDEX(I:I,ROW()-1), 0, 0, -1),0)} -> 0 | E11: 10 | F11: =RANDBETWEEN(0, ROUND((D11+E11)*0.6,0)) -> 2 | G11: =RANDBETWEEN(0,ROUND((D11+E11-F11)*0.6,0)) -> 4 | H11: =RANDBETWEEN(0,ROUND((D11+E11-F11-G11)*0.6,0)) -> 0 | I11: =D11+E11-F11-G11-H11 -> 4 | J11: 3.5 | K11: 3 | L11: 8 | M11: =DATE(2024,1,1) + RANDBETWEEN(0, DATE(2024,5,25) - DATE(2024,1,1)) -> 45383 | N11: =DATE(2024,1,1) + RANDBETWEEN(0, DATE(2024,5,25) - DATE(2024,1,1)) -> 45432 | O11: 45303
A12: 45293 | B12: B035 | C12: caramel pie | D12: {=IFERROR( _xlfn.XLOOKUP(B12, B$2:INDEX(B:B,ROW()-1), I$2:INDEX(I:I,ROW()-1), 0, 0, -1),0)} -> 0 | E12: 6 | F12: =RANDBETWEEN(0, ROUND((D12+E12)*0.6,0)) -> 3 | G12: =RANDBETWEEN(0,ROUND((D12+E12-F12)*0.6,0)) -> 2 | H12: =RANDBETWEEN(0,ROUND((D12+E12-F12-G12)*0.6,0)) -> 1 | I12: =D12+E12-F12-G12-H12 -> 0 | J12: 4 | K12: 3 | L12: 7 | M12: =DATE(2024,1,1) + RANDBETWEEN(0, DATE(2024,5,25) - DATE(2024,1,1)) -> 45413 | N12: =DATE(2024,1,1) + RANDBETWEEN(0, DATE(2024,5,25) - DATE(2024,1,1)) -> 45317 | O12: 45348
A13: 45293 | B13: B027 | C13: sourdough bread | D13: {=IFERROR( _xlfn.XLOOKUP(B13, B$2:INDEX(B:B,ROW()-1), I$2:INDEX(I:I,ROW()-1), 0, 0, -1),0)} -> 4 | E13: 10 | F13: =RANDBETWEEN(0, ROUND((D13+E13)*0.6,0)) -> 2 | G13: =RANDBETWEEN(0,ROUND((D13+E13-F13)*0.6,0)) -> 5 | H13: =RANDBETWEEN(0,ROUND((D13+E13-F13-G13)*0.6,0)) -> 1 | I13: =D13+E13-F13-G13-H13 -> 6 | J13: 3.5 | K13: 3 | L13: 8 | M13: =DATE(2024,1,1) + RANDBETWEEN(0, DATE(2024,5,25) - DATE(2024,1,1)) -> 45297 | N13: =DATE(2024,1,1) + RANDBETWEEN(0, DATE(2024,5,25) - DATE(2024,1,1)) -> 45432 | O13: 45414
... A1001: 45437 | B1001: B016 | C1001: frosted blue cookies | D1001: {=IFERROR( _xlfn.XLOOKUP(B1001, B$2:INDEX(B:B,ROW()-1), I$2:INDEX(I:I,ROW()-1), 0, 0, -1),0)} -> 8 | E1001: 15 | F1001: =RANDBETWEEN(0, ROUND((D1001+E1001)*0.6,0)) -> 11 | G1001: =RANDBETWEEN(0,ROUND((D1001+E1001-F1001)*0.6,0)) -> 6 | H1001: =RANDBETWEEN(0,ROUND((D1001+E1001-F1001-G1001)*0.6,0)) -> 0 | I1001: =D1001+E1001-F1001-G1001-H1001 -> 6 | J1001: 3 | K1001: 2.5 | L1001: 14 | M1001: =DATE(2024,1,1) + RANDBETWEEN(0, DATE(2024,5,25) - DATE(2024,1,1)) -> 45405 | N1001: =DATE(2024,1,1) + RANDBETWEEN(0, DATE(2024,5,25) - DATE(2024,1,1)) -> 45307 | O1001: 45397

Sheet Sheet5
A1: Date | B1: SKU | C1: Product | D1: Starting_Inventory | E1: Delivered | F1: Sold | G1: Markdown_Sold | H1: Waste | I1: Ending_Inventory | J1: Price | K1: Markdown_Price | L1: Shelf_Life
A2: 45292 | B2: B030 | C2: oreja cookies | D2: 6 | E2: 15 | F2: 8 | G2: 3 | H2: 5 | I2: 5 | J2: 4 | K2: 3 | L2: 14
A3: 45292 | B3: B016 | C3: frosted blue cookies | D3: 0 | E3: 15 | F3: 1 | G3: 0 | H3: 5 | I3: 9 | J3: 3 | K3: 2.5 | L3: 14
A4: 45292 | B4: B005 | C4: butter cake | D4: 0 | E4: 8 | F4: 5 | G4: 2 | H4: 1 | I4: 0 | J4: 4 | K4: 3 | L4: 14
A5: 45292 | B5: B010 | C5: orange pound | D5: 0 | E5: 8 | F5: 4 | G5: 2 | H5: 0 | I5: 2 | J5: 3.5 | K5: 3 | L5: 14
A6: 45292 | B6: B007 | C6: cheese cake | D6: 0 | E6: 9 | F6: 0 | G6: 3 | H6: 0 | I6: 6 | J6: 6.5 | K6: 5.5 | L6: 9
A7: 45292 | B7: B010 | C7: orange pound | D7: 2 | E7: 8 | F7: 1 | G7: 2 | H7: 3 | I7: 4 | J7: 3.5 | K7: 3 | L7: 14
A8: 45292 | B8: B032 | C8: pumpkin pie | D8: 0 | E8: 6 | F8: 0 | G8: 1 | H8: 2 | I8: 3 | J8: 4 | K8: 3 | L8: 7
A9: 45292 | B9: B020 | C9: cookies & creme cupcakes | D9: 0 | E9: 15 | F9: 9 | G9: 3 | H9: 2 | I9: 1 | J9: 6 | K9: 5.5 | L9: 20
A10: 45293 | B10: B044 | C10: mini brownies | D10: 0 | E10: 12 | F10: 0 | G10: 6 | H10: 2 | I10: 4 | J10: 4.5 | K10: 4 | L10: 14
A11: 45293 | B11: B027 | C11: sourdough bread | D11: 0 | E11: 10 | F11: 5 | G11: 1 | H11: 2 | I11: 2 | J11: 3.5 | K11: 3 | L11: 8
A12: 45293 | B12: B035 | C12: caramel pie | D12: 0 | E12: 6 | F12: 1 | G12: 3 | H12: 0 | I12: 2 | J12: 4 | K12: 3 | L12: 7
A13: 45293 | B13: B027 | C13: sourdough bread | D13: 2 | E13: 10 | F13: 6 | G13: 0 | H13: 1 | I13: 5 | J13: 3.5 | K13: 3 | L13: 8
... A1001: 45437 | B1001: B016 | C1001: frosted blue cookies | D1001: 3 | E1001: 15 | F1001: 9 | G1001: 4 | H1001: 1 | I1001: 4 | J1001: 3 | K1001: 2.5 | L1001: 14
